id,cluster_id,absolute_url,case_name,date_filed,year,confidence,is_affirmance,is_notice_and_comment,agency,rule_short_name,cfr_citation,federal_register_citation,reasoning
186171,186171,/opinion/186171/sierra-club-v-epa/,Sierra Club v. EPA,2004-04-23,2004,0.72,yes,yes,Environmental Protection Agency,EPA Conditional Approval of D.C. Area Ozone SIPs – Attainment Demonstration Based on Photochemical Grid Modeling,40 C.F.R. § 51.112,68 Fed. Reg. 19106,"The court applied Chevron step two to EPA's interpretation of the phrase 'based on' photochemical grid modeling in CAA § 182(c)(2)(A), finding the statute ambiguous and upholding EPA's reasonable construction that an attainment demonstration could incorporate supplemental statistical adjustments to the model rather than relying solely on raw model output. The court explicitly noted that Chevron deference applies because the interpretation was embodied in notice-and-comment rulemaking, citing Mea"
186284,186284,/opinion/186284/federal-express-corp-v-mineta/,Federal Express Corp. v. Mineta,2004-07-02,2004,0.72,yes,yes,Department of Transportation,Air Carrier Compensation Offset Rule (Post-9/11 Stabilization Act),14 C.F.R. pt. 330,"67 Fed. Reg. 18,468","The court applied Chevron's two-step analysis to the DOT's offset rule, found the statute ambiguous as to the meaning of 'incurred' losses, and upheld the agency's interpretation as a permissible construction at step two. The rules were promulgated as 'Final Rules' published in the Federal Register, and the court found that the DOT satisfied notice-and-comment requirements under the APA by providing meaningful opportunity to comment before the Fourth Final Rule became effective. However, confide"
186275,186275,/opinion/186275/natl-home-equi-mtge-v-ots/,Natl Home Equi Mtge v. OTS,2004-07-13,2004,0.97,yes,yes,Office of Thrift Supervision,OTS Parity Act Rule Designating Late Fee and Prepayment Penalty Regulations Inapplicable to State-Chartered Housing Creditors,"12 C.F.R. §§ 560.33, 560.34","67 Fed. Reg. 60,542","The D.C. Circuit explicitly applied Chevron step two, finding the Parity Act ambiguous as to the scope of state law preemption for alternative mortgage transactions, and then upheld the OTS's interpretation that only regulations 'essential or intrinsic' to a creditor's ability to engage in AMTs must be applied to state-chartered housing creditors. The rule was promulgated through notice-and-comment rulemaking, preceded by an Advance Notice of Proposed Rulemaking (April 2000) and a Notice of Prop"
7863106,7914051,/opinion/7914051/national-home-equity-mortgage-assn-v-office-of-thrift-supervision/,National Home Equity Mortgage Ass'n v. Office of Thrift Supervision,2004-07-13,2004,0.97,yes,yes,Office of Thrift Supervision,OTS Parity Act Rule – Inapplicability of Prepayment Penalty and Late Fee Regulations to State-Chartered Housing Creditors,"12 C.F.R. §§ 560.33, 560.34","67 Fed. Reg. 60,542","The D.C. Circuit explicitly applied Chevron step two after finding the Alternative Mortgage Transaction Parity Act ambiguous as to the scope of state law preemption, and upheld the OTS's interpretation that only regulations 'essential or intrinsic' to the ability of state housing creditors to engage in alternative mortgage transactions need be applied to them. The rule was promulgated through notice-and-comment rulemaking, with an Advance Notice of Proposed Rulemaking in 2000, a Notice of Propos"
186258,186258,/opinion/186258/pub-ctzn-inc-v-natl-hwy-traf-sfty/,Pub Ctzn Inc v. Natl Hwy Traf Sfty,2004-07-20,2004,0.88,yes,yes,National Highway Traffic Safety Administration (NHTSA),Advanced Air Bags / Federal Motor Vehicle Safety Standard No. 208 Unbelted Crash Test Speed Rule,49 C.F.R. § 571.208,65 Fed. Reg. 30680,"The court explicitly applied Chevron step two analysis to NHTSA's interpretation of TEA 21's requirement to 'improve occupant protection,' finding NHTSA's decision to use the sled test as the baseline and set the unbelted rigid barrier crash test speed at 25 mph to be a permissible construction of the ambiguous statute. The rule was promulgated through notice-and-comment rulemaking, including a 1998 NPRM, a 1999 Supplemental NPRM, and a final rule published at 65 Fed. Reg. 30,680, codified at 49"
7863108,7914053,/opinion/7914053/public-citizen-inc-v-national-highway-traffic-safety-administration/,"Public Citizen, Inc. v. National Highway Traffic Safety Administration",2004-07-20,2004,0.9,yes,yes,National Highway Traffic Safety Administration (NHTSA),Advanced Air Bags / Federal Motor Vehicle Safety Standard No. 208 Unbelted Crash Test Speed Rule,49 C.F.R. § 571.208,"65 Fed. Reg. 30,680","The court explicitly applied the Chevron two-step framework and resolved the statutory challenge at step two, finding NHTSA's interpretation of TEA 21—using the sled test as the baseline for measuring 'improvement' in occupant protection and setting the unbelted crash test speed at 25 mph—to be a permissible construction of the ambiguous statute. The rule was promulgated through notice-and-comment rulemaking, including a 1998 NPRM, a 1999 Supplemental NPRM, and a final rule published at 65 Fed. "
186435,186435,/opinion/186435/international-union-united-mine-workers-v-mine-safety-health/,"International Union, United Mine Workers v. Mine Safety & Health Administration",2005-05-24,2005,0.82,yes,yes,Mine Safety and Health Administration (MSHA),Belt Air Rule (Underground Coal Mine Ventilation Safety Standards),30 C.F.R. pt. 75,"69 Fed. Reg. 17,480","The court applied Chevron's two-step framework to the Union's challenge to the Secretary's interpretation of section 101(a)(9)'s 'no-less protection' requirement, finding at step two that the Secretary's 'net effects' interpretation was a permissible construction of the statute and upholding the agency's approach. The Belt Air Rule was promulgated through notice-and-comment rulemaking as required by section 101(a) of the Mine Act and the APA. However, the court simultaneously vacated one provisi"
186430,186430,/opinion/186430/american-federation-of-labor-congress-of-industrial-organizations-v-chao/,American Federation of Labor & Congress of Industrial Organizations v. Chao,2005-05-31,2005,0.92,yes,yes,Department of Labor,Labor Organization Annual Financial Reports (revised Form LM-2),"29 C.F.R. pts. 403, 408","68 Fed. Reg. 58,374","The D.C. Circuit explicitly applied Chevron Step 2 to the Secretary of Labor's interpretation of section 201(b) of the LMRDA, finding the statute ambiguous as to the level of detail required in union financial reports, and upheld the revised Form LM-2 itemization requirements as a reasonable and permissible construction of the statute. The rule was promulgated through notice-and-comment rulemaking, as evidenced by the proposed rule at 67 Fed. Reg. 79,280 and the final rule at 68 Fed. Reg. 58,374"
186477,186477,/opinion/186477/amoco-prodn-co-v-watson-rebecca-w/,"Amoco Prodn Co v. Watson, Rebecca W.",2005-06-10,2005,0.72,yes,yes,"Department of the Interior, Minerals Management Service",MMS Gas Royalty Valuation and Marketable Condition Rule (1988),"30 C.F.R. §§ 206.151, 206.152",53 Fed. Reg. 1230,"The court applied Chevron step one and found the MLA ambiguous regarding 'from the lease,' then at step two found the agency's interpretation reasonable and upheld it, noting the producers 'do not appear to marshal a step two argument' giving the court 'no basis for finding the Assistant Secretary's interpretation unreasonable.' The underlying regulations (30 C.F.R. §§ 206.151, 206.152) were promulgated through notice-and-comment rulemaking in 1988, as confirmed by the 53 Fed. Reg. 1230 citation"
7863193,7914134,/opinion/7914134/new-york-v-us-environmental-protection-agency/,New York v. U.S. Environmental Protection Agency,2005-06-24,2005,0.82,yes,yes,Environmental Protection Agency,EPA 2002 New Source Review Reform Rule,40 C.F.R. § 52.21,67 Fed. Reg. 80186,"The D.C. Circuit explicitly applied Chevron's two-step framework to EPA's 2002 NSR rule, finding multiple provisions to be permissible interpretations of the ambiguous statutory term 'modification' under Chevron Step Two, including the actual-to-projected-actual test, the ten-year lookback period, the five-year lookback for utilities, the demand growth exclusion, and the PAL program. The 2002 rule was promulgated through notice-and-comment rulemaking, as evidenced by the prior proposed rule, not"
186499,186499,/opinion/186499/northpoint-technol-v-fcc/,Northpoint Technol v. FCC,2005-07-15,2005,0.72,yes,yes,Federal Communications Commission,MVDDS Spectrum Sharing Rules for 12 GHz Band,47 C.F.R. § 101.1440,17 F.C.C. Rcd. 9614,"The court explicitly invoked 'Chevron Step Two' when upholding 47 C.F.R. § 101.1440(e), finding the word 'ensure' in the RLBSA sufficiently ambiguous to allow the FCC to shift interference-mitigation burdens onto DBS providers rather than MVDDS operators. The regulations were adopted through notice-and-comment rulemaking proceedings (the First and Second Report and Order proceedings), which solicited and considered public comments. The court also deferred under Chevron Step Two to the FCC's inte"
790914,790914,/opinion/790914/northpoint-technology-ltd-v-federal-communications-commission-echostar/,"Northpoint Technology, Ltd. v. Federal Communications Commission, Echostar Satellite Corporation, Intervenors",2005-07-15,2005,0.82,yes,yes,Federal Communications Commission,MVDDS Spectrum Sharing Rules for 12 GHz Band,"47 C.F.R. §§ 101.1440, 2.1",17 F.C.C. Rcd. 9614,"The court explicitly applied Chevron Step Two in multiple places, including upholding the FCC's definition of 'harmful interference' under the RLBSA as a permissible statutory construction, and specifically labeling its deference to 47 C.F.R. § 101.1440(e) (burden-shifting for new DBS subscriber locations) as 'Chevron Step Two.' The regulations were issued through notice-and-comment rulemaking via a First Report and Order with Further Notice of Proposed Rulemaking and a subsequent Second Report "
186541,186541,/opinion/186541/sabre-inc-v-department-of-transportation/,"Sabre, Inc. v. Department of Transportation",2005-11-22,2005,0.92,yes,yes,Department of Transportation,Computer Reservations System Regulations (Final Rule defining independent CRSs as ticket agents),14 C.F.R. § 255.8,69 Fed. Reg. 976,"The court explicitly applied Chevron two-step analysis, finding at minimum that the statutory term 'ticket agent' was ambiguous as applied to independent CRSs, and then upheld DOT's interpretation that independent CRSs qualify as ticket agents under 49 U.S.C. § 40102(a)(45) as a permissible construction. The interpretation was adopted through a notice-and-comment rulemaking, as evidenced by references to an NPRM and the Final Rule published at 69 Fed. Reg. 976 (Jan. 1, 2004). The court denied Sa"
186590,186590,/opinion/186590/federal-express-corp-v-department-of-transportation/,Federal Express Corp. v. Department of Transportation,2006-01-20,2006,0.85,yes,yes,Department of Transportation,Air Carrier Compensation Cost Savings Rule (9/11 Stabilization Act),14 C.F.R. § 330.39(b),"67 Fed. Reg. 18,468","The D.C. Circuit in FedEx I had already found the term 'losses incurred' ambiguous under Chevron step one, and in this opinion the court upheld the Secretary's cost savings rule as a permissible construction of the statute at Chevron step two, finding the general presumption against cost savings adjustments rational and consistent with the Act's purposes. The rule at 14 C.F.R. § 330.39(b) was promulgated through notice-and-comment rulemaking, as evidenced by the series of Federal Register notice"
186704,186704,/opinion/186704/amer-cncl-educ-v-fcc/,Amer Cncl Educ v. FCC,2006-06-09,2006,0.82,yes,yes,Federal Communications Commission (FCC),CALEA Broadband and VoIP Order,,20 F.C.C.R. 14989,"The D.C. Circuit explicitly applied Chevron step two, stating that 'The FCC offered a reasonable interpretation of CALEA, and Chevron's second step requires nothing more,' upholding the FCC's interpretation that broadband and VoIP providers qualify as 'telecommunications carriers' under CALEA's Substantial Replacement Provision. The FCC's order was issued in response to a notice of proposed rulemaking (19 F.C.C.R. 15676) that invited public comments, and the final order (20 F.C.C.R. 14989) was s"
7863266,7914197,/opinion/7914197/american-council-on-education-v-federal-communications-commission/,American Council on Education v. Federal Communications Commission,2006-06-09,2006,0.88,yes,yes,Federal Communications Commission,CALEA Broadband and VoIP Order,,20 F.C.C.R. 14989,"The D.C. Circuit explicitly applied Chevron step two, finding the FCC's interpretation of CALEA's ambiguous 'telecommunications carrier' definition to cover broadband and VoIP providers was a 'reasonable policy choice.' The court stated: 'The FCC offered a reasonable interpretation of CALEA, and Chevron's second step requires nothing more.' The Order was issued following a notice of proposed rulemaking with thousands of pages of comments from over 40 parties, satisfying the notice-and-comment re"
186700,186700,/opinion/186700/covad-communications-co-v-federal-communications-commission/,Covad Communications Co. v. Federal Communications Commission,2006-06-16,2006,0.92,yes,yes,Federal Communications Commission,FCC Unbundled Network Elements Order on Remand (2005),47 C.F.R. pt. 51,20 F.C.C.R. 2533,"The court explicitly applied Chevron step two, noting that the term 'impair' in 47 U.S.C. § 251(d)(2) is ambiguous and that the Commission's reasonable interpretations are entitled to deference, ultimately upholding all of the FCC's unbundling determinations. The FCC's Order on Remand was issued following a notice of proposed rulemaking (NPRM, 19 F.C.C.R. 16783 (2004)) that solicited public comment, making it a notice-and-comment rulemaking. The court denied all petitions for review, concluding "
186778,186778,/opinion/186778/env-def-v-epa/,Env Def v. EPA,2006-10-20,2006,0.85,yes,yes,Environmental Protection Agency,Transportation Conformity Rule - Build/No Build and Baseline Year Interim Tests,"40 C.F.R. § 93.119(b)(2), (d), and (e)","69 Fed. Reg. 40,004","The court applied Chevron step two to uphold 40 C.F.R. § 93.119(b)(2), (d), and (e), finding the statute silent on whether transportation plans themselves must reduce mobile source emissions and deferring to EPA's reasonable interpretation allowing the build/no build test. The regulation was promulgated through notice-and-comment rulemaking, published as the 2004 Final Rule at 69 Fed. Reg. 40,004. The court explicitly stated that 'Absent language in the Act requiring transportation plans to acti"
8410305,8439533,/opinion/8439533/environmental-defense-v-environmental-protection-agency/,Environmental Defense v. Environmental Protection Agency,2006-10-20,2006,0.85,yes,yes,Environmental Protection Agency,Transportation Conformity Rule - Build/No Build and Baseline Year Tests,"40 C.F.R. § 93.119(b)(2), (d), (e)",69 Fed. Reg. 40004,"The court applied Chevron step two to uphold 40 C.F.R. § 93.119(b)(2), (d), and (e), finding the statute silent on whether transportation plans themselves must actively reduce mobile source emissions, and deferring to EPA's reasonable interpretation that conformity could be demonstrated via the build/no build test. The regulation was promulgated through notice-and-comment rulemaking as part of the 2004 Final Rule published in the Federal Register. The court explicitly stated that because the Act"
186814,186814,/opinion/186814/util-air-regu-grp-v-epa/,Util Air Regu Grp v. EPA,2006-12-12,2006,0.85,yes,yes,Environmental Protection Agency,Regional Haze Rule (BART and CAIR-for-BART provisions),40 C.F.R. § 51.308,"70 Fed. Reg. 39,104","The court explicitly invoked Chevron deference to uphold EPA's interpretation of 'reasonable progress' under CAA § 169A, finding that the term is undefined in the statute and that EPA's interpretation—allowing CAIR to substitute for BART using an aggregate visibility improvement standard rather than area-by-area improvement—was reasonable. The Regional Haze Rule was promulgated through notice-and-comment rulemaking, as evidenced by the Federal Register citations (70 Fed. Reg. 39,104). The court "
7863341,7914268,/opinion/7914268/utility-air-regulatory-group-v-environmental-protection-agency/,Utility Air Regulatory Group v. Environmental Protection Agency,2006-12-12,2006,0.85,yes,yes,Environmental Protection Agency,Regional Haze Rule (BART and CAIR-for-BART provisions),40 C.F.R. § 51.308,"70 Fed. Reg. 39,104","The court explicitly applied Chevron deference to EPA's interpretation of 'reasonable progress' under CAA § 169A, finding the term ambiguous and EPA's interpretation reasonable at step two. The Regional Haze Rule, including the CAIR-for-BART provision at 40 C.F.R. § 51.308(e)(4), was promulgated through notice-and-comment rulemaking as reflected in the Federal Register citation. The court upheld both the collective attribution approach and the substitution of CAIR for BART as reasonable interpre"
186968,186968,/opinion/186968/national-assn-of-clean-air-agencies-v-environmental-protection-agency/,National Ass'n of Clean Air Agencies v. Environmental Protection Agency,2007-06-01,2007,0.92,yes,yes,Environmental Protection Agency,Control of Air Pollution From Aircraft and Aircraft Engines; NOx Emission Standards,,"70 Fed. Reg. 69,664","The D.C. Circuit explicitly applied Chevron Step Two, finding that Congress expressly delegated broad authority to EPA under CAA § 231 and that EPA's interpretation—that it need not achieve a 'technology-forcing' result and could weigh safety, cost, and international standards—was not manifestly contrary to the statute, warranting controlling weight. The Final Rule was issued through notice-and-comment rulemaking, as evidenced by the published NPRM, public hearing, written comment period, and fi"
186969,186969,/opinion/186969/vonage-holdings-corp-v-federal-communications-commission/,Vonage Holdings Corp. v. Federal Communications Commission,2007-06-01,2007,0.85,yes,yes,Federal Communications Commission,Universal Service Fund Contribution Requirements for VoIP Providers,47 C.F.R. § 54.706,21 F.C.C.R. 7518,"The court explicitly applied Chevron step two to uphold the FCC's interpretation of 'providers of interstate telecommunications' in section 254(d) as encompassing interconnected VoIP providers, finding the agency's construction reasonable even if not the best possible reading. The Order was issued following a notice of proposed rulemaking in which the FCC solicited public comment before issuing its final rule requiring VoIP providers to contribute to the Universal Service Fund. The court denied "
186946,186946,/opinion/186946/env-def-v-epa/,Env Def v. EPA,2007-06-19,2007,0.92,yes,yes,Environmental Protection Agency (EPA),Prevention of Significant Deterioration for Nitrogen Oxides (2005 Rule),"40 C.F.R. §§ 51.166, 52.21","70 Fed. Reg. 59,582","The court explicitly applied Chevron deference, stating that it 'read the ambiguities and perplexities of the statute as delegating to the agency a broad interpretive authority' and upheld EPA's 2005 PSD Rule as 'a reasonable interpretation of the applicable CAA PSD provisions.' The court proceeded under Chevron step two, finding EPA's interpretation neither arbitrary, capricious, nor manifestly contrary to the statute. The 2005 Rule was promulgated through notice-and-comment rulemaking, with a "
7863419,7914340,/opinion/7914340/environmental-defense-v-environmental-protection-agency/,Environmental Defense v. Environmental Protection Agency,2007-06-19,2007,0.92,yes,yes,Environmental Protection Agency (EPA),Prevention of Significant Deterioration for Nitrogen Oxides (2005 Rule),"40 C.F.R. §§ 51.166, 52.21","70 Fed. Reg. 59,582","The court explicitly applied Chevron deference, noting that 'we read the ambiguities and perplexities of the statute as delegating to the agency a broad interpretive authority, as we must under Chevron,' and upheld EPA's 2005 PSD Rule as 'a reasonable statutory interpretation.' The rule was promulgated through notice-and-comment rulemaking, with a proposed rule issued February 23, 2005 and a final rule issued October 12, 2005, codified at 40 C.F.R. §§ 51.166 and 52.21. The court affirmed EPA's i"
8410911,8440080,/opinion/8440080/environmental-defense-v-environmental-protection-agency/,Environmental Defense v. Environmental Protection Agency,2007-06-19,2007,0.95,yes,yes,Environmental Protection Agency (EPA),Prevention of Significant Deterioration for Nitrogen Oxides (2005 Rule),"40 C.F.R. §§ 51.166, 52.21","70 Fed. Reg. 59,582","The D.C. Circuit explicitly applied Chevron deference, noting that 'we read the ambiguities and perplexities of the statute as delegating to the agency a broad interpretive authority, as we must under Chevron,' and upheld EPA's 2005 PSD Rule as 'reflecting a reasonable statutory interpretation' of the ambiguous CAA section 166 provisions. The 2005 Rule was promulgated through notice-and-comment rulemaking, with a proposed rule published on February 23, 2005 and a final rule on October 12, 2005, "
186993,186993,/opinion/186993/cement-kiln-recycling-coalition-v-environmental-protection-agency/,Cement Kiln Recycling Coalition v. Environmental Protection Agency,2007-07-13,2007,0.72,yes,yes,Environmental Protection Agency,RCRA Site-Specific Risk Assessment Authorization Rule for Hazardous Waste Combustors,"40 C.F.R. §§ 270.10(i), 270.32(b)(3)","70 Fed. Reg. 59,402","The court upheld 40 C.F.R. § 270.10(i) against challenges that it was impermissibly vague or insufficiently specific, applying Chevron deference to EPA's reasonable interpretation of RCRA's ambiguous specificity requirements. The regulation was promulgated through notice-and-comment rulemaking as part of the 2005 Final Rule published at 70 Fed. Reg. 59,402. The court explicitly noted that where Congress has not specified the level of specificity required, 'under Chevron ... we must therefore def"
186991,186991,/opinion/186991/aeronautical-repair-station-assn-v-federal-aviation-administration/,Aeronautical Repair Station Ass'n v. Federal Aviation Administration,2007-07-17,2007,0.95,yes,yes,Federal Aviation Administration,FAA Drug and Alcohol Testing Rule Extending to Subcontractors at Any Tier,"14 C.F.R. pts. 121 app. I, 121 app. J",71 Fed. Reg. 1666,"The court explicitly applied the two-step Chevron framework and concluded at step two that the statutory phrase 'other air carrier employees responsible for safety-sensitive functions' was ambiguous as to whether it covered employees of subcontractors at any tier, then upheld the FAA's reasonable construction extending testing requirements to all subcontractor employees. The 2006 Final Rule was promulgated through notice-and-comment rulemaking, including an NPRM (67 Fed. Reg. 9366) and a Supplem"
187070,187070,/opinion/187070/national-mining-assn-v-kempthorne/,National Mining Ass'n v. Kempthorne,2008-01-15,2008,0.97,yes,yes,"Office of Surface Mining Reclamation and Enforcement, Department of the Interior",Valid Existing Rights Rule (1999),30 C.F.R. § 761.5,"64 Fed. Reg. 70,766","The court explicitly applied Chevron step two, finding the phrase 'valid existing rights' in SMCRA § 522(e) ambiguous and then deferring to the Secretary's reasonable interpretation as embodied in the 1999 Rule. The 1999 Rule was promulgated through notice-and-comment rulemaking, as the opinion specifically states and as confirmed by the 72-page preamble responding to public comments. The court affirmed the district court's grant of deference to the agency's interpretation codified at 30 C.F.R. "
187192,187192,/opinion/187192/natural-resources-defense-council-v-environmental-protection-agency/,Natural Resources Defense Council v. Environmental Protection Agency,2008-06-06,2008,0.82,yes,yes,Environmental Protection Agency,Synthetic Organic Chemicals Residual Risk Rule,,71 Fed. Reg. 76603,"The court applied Chevron deference and upheld EPA's interpretation of the ambiguous subsection 112(f)(2)(A) of the Clean Air Act, concluding that EPA's construction 'certainly is, at least, a reasonable construction of the statute' under Chevron. The agency's interpretation—that it need not reduce residual cancer risks to one-in-one million but instead may reaffirm existing standards if they meet the 'ample margin of safety' standard—was embodied in a final rule published at 71 Fed. Reg. 76,603"
187266,187266,/opinion/187266/american-forest-paper-assn-v-federal-energy-regulatory-commission/,American Forest & Paper Ass'n v. Federal Energy Regulatory Commission,2008-12-23,2008,0.97,yes,yes,Federal Energy Regulatory Commission (FERC),New PURPA Section 210(m) Regulations for Small Power Production and Cogeneration Facilities,18 C.F.R. pt. 292,71 Fed. Reg. 64342,"The court explicitly applied Chevron step two, finding FERC's interpretation of 'markets' in 16 U.S.C. § 824a-3(m)(1)(A)(ii) to encompass both competitive and non-competitive markets was reasonable after finding the statute ambiguous at step one. The interpretation was adopted through a formal (notice-and-comment) rulemaking published at 71 Fed. Reg. 64342 (Nov. 1, 2006), to be codified at 18 C.F.R. pt. 292. The court denied the petition for review, upholding FERC's rule."
187360,187360,/opinion/187360/national-cable-telecommunications-assn-v-federal-communications/,National Cable & Telecommunications Ass'n v. Federal Communications Commission,2009-05-26,2009,0.82,yes,yes,Federal Communications Commission,Cable Exclusivity Contracts Ban (MDU Rule),,22 F.C.C.R. 20235,"The court applied Chevron's two-step framework, finding at step one that section 628(b) was ambiguous as to whether it covered exclusivity service agreements, and then at step two affirmed the FCC's reasonable interpretation that such agreements fell within the statute's prohibition. The court explicitly noted that petitioners' overbreadth hypothetical was best analyzed at Chevron step two and concluded the FCC's interpretation was reasonable given that satellite programming encompasses 'most pr"
187401,187401,/opinion/187401/csx-transportation-inc-v-surface-transportation-board/,"CSX Transportation, Inc. v. Surface Transportation Board",2009-06-09,2009,0.82,yes,yes,Surface Transportation Board,Simplified Standards for Rail Rate Cases (Small Claims Procedures),,,"The court explicitly invoked Chevron deference when evaluating the shippers' challenge to the relief caps under 49 U.S.C. § 10701(d)(3), stating 'In light of the obvious ambiguity inherent in this statutory language, we must uphold the Board's interpretation unless it is unreasonable' and then finding it was not unreasonable. The rule was promulgated through notice-and-comment rulemaking, as evidenced by the 2006 NPRM and 2007 final rule described in the opinion. The court upheld the Board's int"
187383,187383,/opinion/187383/alvin-lou-media-inc-v-federal-communications-commission/,"Alvin Lou Media, Inc. v. Federal Communications Commission",2009-06-26,2009,0.82,yes,yes,Federal Communications Commission,FCC Competitive Auction Procedures for Broadcast Licenses (Auctions First Report & Order),47 C.F.R. § 1.2105,,"The court explicitly applied Chevron's two-step framework, found § 309(j)(5) ambiguous as to whether pre-auction technical review was required, and then upheld the FCC's interpretation at step two as a permissible and reasonable construction of the statute. The FCC's auction procedures were adopted through a notice-and-comment rulemaking in 1998, the 'Auctions First Report & Order,' 13 F.C.C.R. 15,920. The court found the Commission's deferral of full technical review until after the auction to "
1231363,1231363,/opinion/1231363/natural-resources-defense-council-v-environmental-protection-agency/,Natural Resources Defense Council v. Environmental Protection Agency,2009-07-10,2009,0.72,yes,yes,Environmental Protection Agency,Phase 2 Rule to Implement 8-Hour Ozone NAAQS,40 C.F.R. § 51.912(c)(1); 40 C.F.R. § 51.918,"70 Fed. Reg. 71,612","The court applied Chevron step two analysis and upheld the EPA's interpretation of 'reasonably available control technology' under CAA § 172(c)(1) as requiring only controls that advance attainment, finding the term ambiguous and the EPA's construction permissible. The court also upheld the EPA's Clean Data Policy suspending percentage-reduction planning requirements for areas already attaining the NAAQS, finding the statute ambiguous and the interpretation reasonable. These interpretations were"
187425,187425,/opinion/187425/nat-resrc-def-cncl-v-epa/,Nat Resrc Def Cncl v. EPA,2009-07-10,2009,0.72,yes,yes,Environmental Protection Agency,Phase 2 Rule to Implement the 8-Hour Ozone NAAQS,40 C.F.R. § 51.912(c)(1); 40 C.F.R. § 51.918,"70 Fed. Reg. 71,612","The court applied Chevron step two in multiple portions of this opinion, upholding EPA's interpretation of ambiguous statutory terms in the Phase 2 Rule promulgated through notice-and-comment rulemaking. Specifically, the court upheld at Chevron step two EPA's interpretation that 'reasonably available control technology' in Subpart 1 nonattainment areas requires only controls that advance attainment (Section II.A), EPA's certification approach for 8-hour RACT based on 1-hour RACT (Section II.B),"
187430,187430,/opinion/187430/davis-v-pension-benefit-guaranty-corp/,Davis v. Pension Benefit Guaranty Corp.,2009-07-10,2009,0.72,yes,yes,Pension Benefit Guaranty Corporation,PBGC Priority Category 3 Benefits Regulation,29 C.F.R. § 4044.13,,"The court applied Chevron deference to the PBGC's interpretation of the ambiguous phrase 'in effect' in 29 U.S.C. § 1344(a)(3)(A), finding it embodied in 29 C.F.R. § 4044.13(b)(3)(i), which is a notice-and-comment regulation. The court held at Chevron step two that the PBGC's interpretation was reasonable, upholding its determination that the Early Retirement Incentive Program was not 'in effect' until benefits were payable. However, the case primarily concerns a preliminary injunction denial ra"
187423,187423,/opinion/187423/southeast-alabama-medical-center-v-sebelius/,Southeast Alabama Medical Center v. Sebelius,2009-07-17,2009,0.82,yes,yes,Department of Health and Human Services,Medicare Inpatient Prospective Payment System Wage Index Rules (FY 2003 and FY 2004),,68 Fed. Reg. 45346; 67 Fed. Reg. 49982,"The court explicitly applied Chevron step two to uphold HHS's interpretations of 'wages and wage-related costs' in the statutory Proportion, finding that including fringe benefits, independent contractor payments, and the asymmetric treatment of the Proportion versus the Factor were all reasonable interpretations of an ambiguous statute. The rules were promulgated through annual notice-and-comment rulemaking, as confirmed by the court's references to the FY 2003 and FY 2004 Final Rules published"
187455,187455,/opinion/187455/anna-jaques-hospital-v-sebelius/,Anna Jaques Hospital v. Sebelius,2009-09-11,2009,0.88,yes,yes,Department of Health and Human Services (Centers for Medicare & Medicaid Services),Medicare Hospital Wage Index Exclusion of Critical Access Hospital Data,42 C.F.R. § 412.8,"68 Fed. Reg. 45,346","The D.C. Circuit applied Chevron step two, finding the phrase 'on the basis of a survey' in 42 U.S.C. § 1395ww(d)(3)(E)(i) ambiguous and upholding the Secretary's reasonable interpretation permitting exclusion of critical access hospital wage data from the Medicare wage index calculation. The Secretary adopted this policy through notice-and-comment rulemaking, proposing the change in May 2003 (68 Fed. Reg. 27,154) and finalizing it in August 2003 (68 Fed. Reg. 45,346) after receiving and respond"
187477,187477,/opinion/187477/camden-county-council-on-economic-opportunity-v-united-states-department/,Camden County Council on Economic Opportunity v. United States Department of Health & Human Services,2009-11-06,2009,0.72,yes,yes,Department of Health and Human Services,Head Start Deficiency Definition Rule,45 C.F.R. § 1304.3(a)(6)(f),,"The court invoked Chevron, stating that HHS's regulation defining 'deficiency' as 'an area or areas of performance' in which a grantee is not in compliance with requirements 'is permissible and binding under the principles set forth in Chevron.' The regulation at 45 C.F.R. § 1304.3(a)(6)(f) was promulgated through notice-and-comment rulemaking as part of the Head Start performance standards. However, the court's Chevron analysis is brief and does not explicitly distinguish Step One from Step Two"
187487,187487,/opinion/187487/rural-cellular-assn-v-federal-communications-commission/,Rural Cellular Ass'n v. Federal Communications Commission,2009-12-11,2009,0.92,yes,yes,Federal Communications Commission,Interim Cap on High-Cost Universal Service Support to Competitive ETCs,"47 C.F.R. pts. 32, 36, 54",73 Fed. Reg. 37882,"The court explicitly applied Chevron step two, noting that § 254(b)'s 'vague, general language' is ambiguous and asking whether the FCC's interpretation was a permissible construction, ultimately upholding the FCC's readings of 'sufficient' and 'preserve' to encompass sustainability and 'sufficient but not excessive' support. The rule was promulgated through notice-and-comment rulemaking, with the FCC issuing a Notice of Proposed Rulemaking published at 72 Fed. Reg. 28,936, receiving 113 sets of"
187510,187510,/opinion/187510/core-communications-inc-v-federal-communications-commission/,"Core Communications, Inc. v. Federal Communications Commission",2010-01-12,2010,0.72,yes,yes,Federal Communications Commission,FCC ISP-Bound Traffic Intercarrier Compensation Rate Cap Order,47 C.F.R. § 51.701,24 FCC Red. 6475,"The court applied Chevron deference, noting all parties agreed Chevron principles applied, and upheld the FCC's interpretation that § 201 of the Communications Act authorized the rate cap system for ISP-bound dial-up traffic, finding the Commission's reading 'at least reasonable.' The underlying order (FCC 08-262) was a formal FCC rulemaking proceeding arising from notice-and-comment processes across multiple dockets (CC Docket Nos. 96-45, 96-98, 99-68, 99-200, 01-92). However, the court's analy"
9412951,103,/opinion/103/cable-vision-system-corp-v-federal-communications-commission/,Cable Vision System Corp. v. Federal Communications Commission,2010-03-13,2010,0.85,yes,yes,Federal Communications Commission,Cable Exclusive Contract Prohibition Extension (2007 Order),,22 F.C.C.R. 17791,"The court explicitly applied Chevron step two, finding that the word 'necessary' in the sunset provision is ambiguous and that the Commission's interpretation—that the prohibition continues to be necessary if competition and diversity would not be preserved in its absence—'is well within the Commission's discretion to interpret statutory language under Chevron.' The 2007 Order was issued through notice-and-comment rulemaking, as evidenced by the court's reference to a 'notice and comment period "
146477,146477,/opinion/146477/coalition-of-battery-recyclers-assn-v-environmental-protection-agency/,Coalition of Battery Recyclers Ass'n v. Environmental Protection Agency,2010-05-14,2010,0.72,yes,yes,Environmental Protection Agency,Revised National Ambient Air Quality Standards for Lead (2008),40 C.F.R. pt. 50,"73 Fed. Reg. 66,964","The court applied Chevron two-step analysis to Doe Run's argument that EPA lacked authority to consider bioavailability of lead sulfides in NAAQS compliance determinations, concluding that even if the Clean Air Act were ambiguous, EPA's interpretation of its authority was permissible under Chevron step two. The rule was promulgated through notice-and-comment rulemaking, as evidenced by the NPRM published at 73 Fed. Reg. 29,184 and the Final Rule at 73 Fed. Reg. 66,964. However, the Chevron step "
150469,150469,/opinion/150469/air-transport-assn-of-america-inc-v-united-states-department-of/,"Air Transport Ass'n of America, Inc. v. United States Department of Transportation",2010-07-13,2010,0.82,yes,yes,Department of Transportation,2008 Amendments to Policy Regarding Airport Rates and Charges (Congestion Pricing),,"73 Fed. Reg. 40,430","The court explicitly invoked Chevron deference to uphold the DOT's interpretation of ambiguous statutory terms requiring 'reasonable' and non-discriminatory airport fees, finding the agency's congestion pricing amendments represented a permissible construction of the relevant statutes. The 2008 Amendments were promulgated through notice-and-comment rulemaking, as evidenced by the proposed rule published at 73 Fed. Reg. 3310 and the final rule at 73 Fed. Reg. 40,430, with the court denying the AT"
215714,215714,/opinion/215714/sherley-v-sebelius/,Sherley v. Sebelius,2011-04-29,2011,0.92,yes,yes,"National Institutes of Health (NIH), Department of Health and Human Services",NIH 2009 Guidelines for Human Stem Cell Research,,74 Fed. Reg. 32170,"The D.C. Circuit applied Chevron step two and upheld the NIH's interpretation of the Dickey-Wicker Amendment, finding the agency reasonably concluded that the Amendment bars funding for the derivation of embryonic stem cells but not for research projects that merely use previously derived ESC lines. The 2009 NIH Guidelines were promulgated through notice-and-comment rulemaking as confirmed in the opinion. The court vacated the preliminary injunction because the plaintiffs were unlikely to succee"
218601,218601,/opinion/218601/cablevision-systems-corp-v-federal-communications-commission/,Cablevision Systems Corp. v. Federal Communications Commission,2011-06-10,2011,0.92,yes,yes,Federal Communications Commission,FCC Terrestrial Loophole Closure / Program Access Rules for Terrestrially Delivered Programming,47 C.F.R. § 76.1000,,"The D.C. Circuit explicitly applied Chevron step two, finding the FCC's interpretation of section 628(b) to extend program access rules to terrestrially delivered programming to be reasonable under the 'highly deferential standard.' The court upheld the agency's construction after finding the statute did not unambiguously foreclose it at step one. The rules were adopted through notice-and-comment rulemaking, as the opinion states the Commission issued the 2010 Order 'following notice and comment"
219207,219207,/opinion/219207/intermountain-insurance-service-of-vail-v-commissioner-of-internal-revenue/,Intermountain Insurance Service of Vail v. Commissioner of Internal Revenue Service,2011-06-21,2011,0.82,yes,yes,Internal Revenue Service / Department of the Treasury,Definition of Omission from Gross Income (basis overstatement rule),26 C.F.R. §§ 301.6501(e)-1; 301.6229(c)(2)-1,75 Fed. Reg. 78897,"The D.C. Circuit applied Chevron and found the phrase 'omits from gross income' in sections 6501(e)(1)(A) and 6229(c)(2) ambiguous at step one, then proceeded to uphold the Commissioner's interpretation—that basis overstatements outside the trade or business context constitute omissions from gross income—as a reasonable construction under step two. The regulations at issue (finalized at 75 Fed. Reg. 78,897) were issued through notice-and-comment rulemaking, with proposed rules published simultan"
616282,616282,/opinion/616282/natural-resources-defense-council-v-environmental-protection-agency/,Natural Resources Defense Council v. Environmental Protection Agency,2011-10-28,2011,0.82,yes,yes,Environmental Protection Agency,Transportation Conformity Rule PM2.5 and PM10 Amendments (2010 Rule),40 C.F.R. § 93.116(a),"75 Fed. Reg. 14,260","The court upheld EPA's interpretation of CAA § 176(c)(1)(B)(iii) as embodied in the 2010 Rule, finding EPA's reading—that 'delay' is evaluated relative to what would otherwise have occurred without the project—to be 'entirely reasonable,' which is classic Chevron step two deference language. The 2010 Rule was promulgated through notice-and-comment rulemaking, as indicated by its publication in the Federal Register at 75 Fed. Reg. 14,260. The court denied the petition for review, affirming that t"
619065,619065,/opinion/619065/air-transport-assn-of-america-inc-v-national-mediation-board/,"Air Transport Ass'n of America, Inc. v. National Mediation Board",2011-12-16,2011,0.95,yes,yes,National Mediation Board,NMB Majority-of-Votes-Cast Election Rule,29 C.F.R. pt. 1206,"75 Fed. Reg. 26,062","The D.C. Circuit explicitly applied Chevron step one and found Section 2, Fourth of the Railway Labor Act ambiguous as to whether a majority of all eligible voters must participate in a representation election, then proceeded to Chevron step two and upheld the Board's new rule as a reasonable interpretation of the statute. The rule was promulgated through notice-and-comment rulemaking, with a Notice of Proposed Rulemaking, an open meeting, and evaluation of public comments, published at 75 Fed. "
627205,627205,/opinion/627205/petit-v-united-states-department-of-education/,Petit v. United States Department of Education,2012-04-13,2012,0.92,yes,yes,U.S. Department of Education,IDEA Cochlear Implant Mapping Exclusion Rule (2006),"34 C.F.R. §§ 300.34, 300.113","71 Fed. Reg. 46,540","The D.C. Circuit affirmed the district court's Chevron step-two holding that the Department of Education's 2006 regulations excluding cochlear implant mapping from the IDEA's definition of 'related services' represented a permissible construction of the ambiguous statute, finding the regulations rationally related to the IDEA's objectives. The regulations were promulgated through notice-and-comment rulemaking, as evidenced by the Department's solicitation of public comments in late 2004, a propo"
801572,801572,/opinion/801572/association-of-private-sector-colleges-universities-v-duncan/,Association of Private Sector Colleges & Universities v. Duncan,2012-06-05,2012,0.85,yes,yes,Department of Education,Program Integrity Compensation Regulations,34 C.F.R. § 668.14(b)(22),"75 Fed. Reg. 66,832","The D.C. Circuit applied Chevron step two to uphold the Department of Education's Compensation Regulations, which eliminated safe harbors and prohibited incentive-based compensation practices under the HEA's § 1094(a)(20). The court found the statutory phrase 'commission, bonus, or other incentive payment' ambiguous at step one and proceeded to step two to evaluate the agency's interpretation. The regulations were promulgated through notice-and-comment rulemaking, with a proposed rule published "
806848,806848,/opinion/806848/friends-of-blackwater-v-kenneth-salazar/,Friends of Blackwater v. Kenneth Salazar,2012-08-17,2012,0.82,yes,yes,"U.S. Fish and Wildlife Service, Department of the Interior",West Virginia Northern Flying Squirrel Delisting Rule,50 C.F.R. § 402.01,73 Fed. Reg. 50226,"The D.C. Circuit applied Chevron two-step analysis, finding § 4(f)(1)(B)(ii) of the Endangered Species Act ambiguous as to whether recovery plan criteria are binding prerequisites for delisting, and then upheld at Step Two the Service's interpretation that recovery plan criteria are non-binding guidance rather than mandatory conditions for delisting. The Delisting Rule was promulgated through notice-and-comment rulemaking, with a proposed rule published at 71 Fed. Reg. 75,924 and a final rule at"
807073,807073,/opinion/807073/friends-of-blackwater-v-kenneth-salazar/,Friends of Blackwater v. Kenneth Salazar,2012-08-17,2012,0.82,yes,yes,"U.S. Fish and Wildlife Service, Department of the Interior",West Virginia Northern Flying Squirrel Delisting Rule,50 C.F.R. § 402.01,73 Fed. Reg. 50226,"The D.C. Circuit explicitly applied the two-step Chevron framework, found § 4(f)(1)(B)(ii) of the Endangered Species Act ambiguous as to whether recovery plan criteria are binding prerequisites for delisting, and upheld the agency's interpretation at Step Two as a permissible construction of the statute. The Delisting Rule at issue (73 Fed. Reg. 50226) was promulgated through notice-and-comment rulemaking, as the court references the proposed rule (71 Fed. Reg. 75,924) and subsequent public comm"
807353,807353,/opinion/807353/james-sherley-v-kathleen-sebelius/,James Sherley v. Kathleen Sebelius,2012-08-24,2012,0.82,yes,yes,"National Institutes of Health (NIH), Department of Health and Human Services",NIH Guidelines for Human Stem Cell Research,,74 Fed. Reg. 32170,"The D.C. Circuit upheld NIH's interpretation of the Dickey-Wicker Amendment under Chevron step two, finding that NIH reasonably construed 'research' as a discrete project rather than an extended process, thereby permitting federal funding of ESC research using already-derived stem cells. The NIH Guidelines were issued after notice-and-comment rulemaking as required by Executive Order 13,505, published at 74 Fed. Reg. 32,170 (July 7, 2009). The court applied Chevron step two affirmance primarily "
811668,811668,/opinion/811668/desert-citizens-against-pollution-v-environmental-protection-agency/,Desert Citizens Against Pollution v. Environmental Protection Agency,2012-11-09,2012,0.92,yes,yes,Environmental Protection Agency,Gold Mine Ore Processing and Production Mercury Emissions Rule,40 C.F.R. § 63.11640,76 Fed. Reg. 9450,"The D.C. Circuit explicitly applied Chevron step two analysis, finding that § 112(c)(6)'s cross-reference to § 112(d)(2) was ambiguous and then upholding EPA's reasonable interpretation that the cross-references merely set the stringency level (MACT) for the seven § 112(c)(6) HAPs rather than requiring MACT standards for all HAPs at § 112(c)(6) sources. The interpretation was adopted through a notice-and-comment rulemaking effective February 17, 2011, published at 76 Fed. Reg. 9450. The court fo"
813019,813019,/opinion/813019/cellco-partnership-v-federal-communications-commission/,Cellco Partnership v. Federal Communications Commission,2012-12-04,2012,0.85,yes,yes,Federal Communications Commission,FCC Data Roaming Rule,,26 F.C.C.R. 5411,"The court applied Chevron deference to the FCC's interpretation of 'common carrier' under the Communications Act and upheld the agency's determination at Chevron step two that the data roaming rule does not impose common carrier obligations on mobile-internet providers, finding the interpretation reasonable given the ambiguity in the statutory concept of common carriage. The Data Roaming Order was adopted through notice-and-comment rulemaking, as evidenced by the Commission's solicitation of pub"
814767,814767,/opinion/814767/coalition-for-common-sense-in-government-procurement-v-united-states/,Coalition for Common Sense in Government Procurement v. United States,2013-01-04,2013,0.92,yes,yes,Department of Defense,TRICARE Retail Pharmacy Federal Ceiling Price Rebate Rule,32 C.F.R. § 199.21(q),"75 Fed. Reg. 63,383","The D.C. Circuit explicitly applied Chevron step two and upheld the Secretary of Defense's rule requiring pharmaceutical manufacturers to refund the difference between the retail price and the federal ceiling price for TRICARE retail pharmacy prescriptions, finding it a permissible construction of section 703. The rule was promulgated through notice-and-comment rulemaking, with a proposed rule published at 73 Fed. Reg. 43,394 and a final supplemental rule at 75 Fed. Reg. 63,383, codified at 32 C"
821297,821297,/opinion/821297/american-electric-power-service-corp-v-federal-communications-commission/,American Electric Power Service Corp. v. Federal Communications Commission,2013-02-26,2013,0.82,yes,yes,Federal Communications Commission,Pole Attachment Rate and Access Rules (2011 Order),"47 C.F.R. § 1.1409, § 1.1410",26 FCC Rcd. 5240,"The court applied Chevron deference to uphold the FCC's interpretations of § 224 of the Communications Act, including the telecom rate revision, finding the term 'cost' in § 224(e) ambiguous and the Commission's methodology reasonable at step two. The 2011 Order was issued as a Report and Order following notice-and-comment rulemaking proceedings, resulting in amendments to 47 C.F.R. §§ 1.1409 and 1.1410. The court upheld all three interpretive changes—ILEC access rights, the revised telecom rate"
1038003,1038003,/opinion/1038003/national-assn-of-clean-water-agencies-v-environmental-protection-agency/,National Ass'n of Clean Water Agencies v. Environmental Protection Agency,2013-08-20,2013,0.85,yes,yes,Environmental Protection Agency,Sewage Sludge Incinerator Emission Standards Rule,40 C.F.R. pt. 60,"76 Fed. Reg. 15,372","The D.C. Circuit explicitly applied Chevron step one and step two to EPA's interpretation of 'solid waste incineration unit' under § 129(g)(1) of the Clean Air Act, finding the statutory phrase 'from...the general public' ambiguous and then upholding EPA's interpretation as a permissible construction of the statute. The rule was promulgated through notice-and-comment rulemaking, with a proposed rule issued in October 2010 and a final rule issued in March 2011. The court denied NACWA's petition f"
2647663,2647663,/opinion/2647663/gaughf-properties-lp-v-commissioner-of-internal-revenue-service/,"Gaughf Properties, L.P. v. Commissioner of Internal Revenue Service",2013-12-27,2013,0.85,yes,yes,Internal Revenue Service / Department of the Treasury,Unified Partnership Audit Procedures - Furnishing Partner Information Regulation,Treas. Reg. § 301.6223(c)-1,"66 Fed. Reg. 50,541","The D.C. Circuit explicitly applied Chevron step two, finding that I.R.C. § 6229(e) is 'silent or ambiguous with respect to the specific issue' of how, when, where, or by whom additional partnership information must be furnished, and then upheld Treasury Regulation § 301.6223(c)-1 as a reasonable gap-filling measure. The regulation was initially promulgated as a temporary rule and later adopted in permanent form through notice-and-comment rulemaking, as cited in the opinion at 66 Fed. Reg. 50,54"
2647665,2647665,/opinion/2647665/agape-church-inc-v-federal-communications-commission/,"Agape Church, Inc. v. Federal Communications Commission",2013-12-27,2013,0.92,yes,yes,Federal Communications Commission,Digital TV Must-Carry Viewability Sunset Rule,,27 FCC Rcd. 6529,"The D.C. Circuit explicitly found that Section 614(b)(7) is ambiguous and upheld the FCC's Sunset Order under Chevron Step Two, holding that the new rule permitting cable operators to offer conversion equipment as an alternative to downconversion was 'a permissible interpretation of the Cable Act.' The Sunset Order was adopted following notice-and-comment rulemaking initiated by a February 2012 NPRM. The court affirmed the FCC's interpretation that 'viewable' signals can be satisfied through low"
2650946,2650946,/opinion/2650946/adirondack-medical-center-v-kathleen-sebelius/,Adirondack Medical Center v. Kathleen Sebelius,2014-01-24,2014,0.85,yes,yes,Department of Health and Human Services,Medicare Inpatient Prospective Payment System FY2011 hospital-specific rate adjustment,42 C.F.R. § 412.73,"75 Fed. Reg. 50,042","The D.C. Circuit explicitly reached Chevron step two after finding the statutory scheme ambiguous at step one, and upheld the Secretary's downward adjustment to hospital-specific rates under 42 U.S.C. § 1395ww(d)(5)(I)(i) as a reasonable interpretation. The adjustment was implemented through the FY2011 Inpatient Prospective Payment System final rule published in the Federal Register at 75 Fed. Reg. 50,042, which is a notice-and-comment rulemaking. The court affirmed the district court's grant of"
2657563,2657563,/opinion/2657563/nacs-v-board-of-governors-of-the-federal-reserve-system/,NACS v. Board of Governors of the Federal Reserve System,2014-03-21,2014,0.88,yes,yes,Board of Governors of the Federal Reserve System,Debit Card Interchange Fees and Routing Rule (Durbin Amendment Implementation),12 C.F.R. pt. 235,76 Fed. Reg. 43394,"The D.C. Circuit applied Chevron step two to uphold the Board's interchange fee cap rule and anti-exclusivity rule, finding that the Board's interpretations of the ambiguous Durbin Amendment were reasonable even if the statute could bear other readings. The rules were promulgated through notice-and-comment rulemaking, with a proposed rule published at 75 Fed. Reg. 81,722 and a Final Rule at 76 Fed. Reg. 43,394. The court reversed the district court's grant of summary judgment to the merchants, t"
9799336,2669789,/opinion/2669789/national-assn-of-manufacturers-v-securities-exchange-commission/,National Ass'n of Manufacturers v. Securities & Exchange Commission,2014-04-14,2014,0.72,yes,yes,Securities and Exchange Commission,SEC Conflict Minerals Rule,"17 C.F.R. §§ 240.13p-1, 249b.400","77 Fed. Reg. 56,274","The court applied Chevron step two reasoning (citing Chevron and noting the statute was 'silent or ambiguous') to uphold multiple aspects of the SEC's conflict minerals rule, including its due diligence threshold, application to contractors, and lack of a de minimis exception, finding each a reasonable exercise of delegated authority. The rule was promulgated through notice-and-comment rulemaking with a proposed rule, extended comment periods, and a stakeholder roundtable. However, the court als"
2669957,2669957,/opinion/2669957/white-stallion-energy-center-llc-v-environmental-protection-agency/,"White Stallion Energy Center, LLC v. Environmental Protection Agency",2014-04-15,2014,0.85,yes,yes,Environmental Protection Agency,Mercury and Air Toxics Standards (MATS) for Coal- and Oil-Fired Electric Utility Steam Generating Units,40 C.F.R. pt. 63,77 Fed. Reg. 9304,"The D.C. Circuit applied the Chevron two-step framework to EPA's interpretation of the ambiguous phrase 'appropriate and necessary' in CAA § 112(n)(1)(A), finding the statute silent or ambiguous on key questions such as whether costs must be considered and what constitutes a 'hazard to public health.' The court upheld EPA's interpretations—including that costs need not be considered and that the § 112(c)(9) delisting criteria may inform the 'hazard' determination—as permissible constructions of "
2670573,2670573,/opinion/2670573/natural-resources-defense-council-v-environmental-protection-agency/,Natural Resources Defense Council v. Environmental Protection Agency,2014-04-18,2014,0.92,yes,yes,Environmental Protection Agency,2013 Portland Cement MACT Rule (National Emission Standards for Hazardous Air Pollutants for Portland Cement Manufacturing),40 C.F.R. § 63.1344,"78 Fed. Reg. 10,006","The court explicitly invoked Chevron step two in two places in Part II, stating 'we reject petitioners' argument and rule for EPA at Chevron step two' regarding EPA's interpretation of Section 112(d)(7)'s 'other authority' language, and again affirming EPA's reasonable interpretation of 'cost' to include cost-effectiveness in beyond-the-floor standard-setting. The 2013 Rule was promulgated through notice-and-comment rulemaking, as evidenced by its publication in the Federal Register at 78 Fed. R"
2718295,2718295,/opinion/2718295/south-carolina-public-service-authority-v-federal-energy-regulatory/,South Carolina Public Service Authority v. Federal Energy Regulatory Commission,2014-08-15,2014,0.92,yes,yes,Federal Energy Regulatory Commission (FERC),Order No. 1000 - Transmission Planning and Cost Allocation Rule,,"76 Fed. Reg. 49,842","The D.C. Circuit explicitly applied Chevron step two, stating it concluded 'consistent with the deferential standard in step two of the Chevron analysis' that FERC reasonably interpreted FPA Section 206 to authorize the Final Rule's regional transmission planning mandate, cost allocation requirements, and removal of federal rights of first refusal. The Final Rule (Order No. 1000) was adopted through notice-and-comment rulemaking, as evidenced by the June 2010 Notice of Proposed Rulemaking publis"
2771240,2771240,/opinion/2771240/mary-v-harris-foundation-v-federal-communications-commission/,Mary v. Harris Foundation v. Federal Communications Commission,2015-01-20,2015,0.92,yes,yes,Federal Communications Commission,NCE Comparative Selection Fair Distribution Rule (10% threshold),47 C.F.R. § 73.7002,,"The court explicitly applied the two-step Chevron framework, finding at step one that Congress left ambiguous how to achieve 'fair, efficient, and equitable distribution' of radio service under § 307(b), and at step two that the FCC's 10% threshold rule was a permissible interpretation of that statute. The Fair Distribution Rule was promulgated through a notice-and-comment rulemaking proceeding (the NCE Order, 15 FCC Rcd. 7386 (2000)) and codified at 47 C.F.R. § 73.7002. The court affirmed the C"
2792851,2792851,/opinion/2792851/adirondack-medical-center-v-sylvia-mathews-burwell/,Adirondack Medical Center v. Sylvia Mathews Burwell,2015-04-10,2015,0.72,yes,yes,Department of Health and Human Services (Centers for Medicare & Medicaid Services),Medicare Inpatient Prospective Payment System Budget Neutrality Adjustment Rule (FY 2010),"42 C.F.R. §§ 412.78, 412.79, 412.92, 412.108",74 Fed. Reg. 43754,"The court applied Chevron deference and upheld the Secretary's methodology for applying budget neutrality adjustments to Medicare hospital-specific reimbursement rates for SCHs and MDHs, finding the determinations neither arbitrary nor manifestly contrary to the statute. The Secretary's 2009 correction to MDH base-year adjustment instructions was accomplished through notice-and-comment rulemaking published at 74 Fed. Reg. 43,754. The court explicitly cited Chevron step two language ('arbitrary, "
9806925,2794556,/opinion/2794556/lubow-v-united-states-department-of-state/,Lubow v. United States Department of State,2015-04-17,2015,0.85,yes,yes,Office of Personnel Management,Premium Pay Limitations Rule,5 C.F.R. § 550.106(c),"69 Fed. Reg. 55,941","The court applied Chevron's two-step framework to OPM's interpretation of 5 U.S.C. § 5547(b)(2) as codified in 5 C.F.R. § 550.106(c), explicitly declining to resolve step one and instead upholding OPM's construction at step two as a 'permissible construction of the statute.' The regulation was issued through notice-and-comment rulemaking, published in the Federal Register at 69 Fed. Reg. 55,941 (Sept. 17, 2004) as a final rule. The court deferred to OPM's reading that the annual premium pay cap "
8677582,8694488,/opinion/8694488/solvay-usa-inc-v-environmental-protection-agency/,Solvay USA Inc. v. Environmental Protection Agency,2015-06-03,2015,0.82,yes,yes,Environmental Protection Agency,Identification of Non-Hazardous Secondary Materials That Are Solid Waste,40 C.F.R. pt. 241,"76 Fed. Reg. 15,456","The court explicitly applied the Chevron framework, noting that the term 'discarded' in RCRA is ambiguous and that EPA's characterization of non-hazardous secondary materials is entitled to Chevron deference. The court upheld EPA's rule as a reasonable interpretation of ambiguous statutory language, finding that EPA engaged in reasoned decisionmaking and articulated a rational connection between the facts and its choices. The rule was promulgated through notice-and-comment rulemaking, published "
2806462,2806462,/opinion/2806462/pharmaceutical-research-manufacturers-of-america-v-federal-trade/,Pharmaceutical Research & Manufacturers of America v. Federal Trade Commission,2015-06-09,2015,0.95,yes,yes,Federal Trade Commission,FTC Pharmaceutical Patent Transfer Reportability Rule (HSR Act),,"78 Fed. Reg. 68,705","The D.C. Circuit explicitly applied Chevron Step Two, finding the HSR Act ambiguous on whether the FTC could promulgate an industry-specific rule, and upheld the FTC's interpretation as a permissible construction rationally related to the statute's goals. The Rule was adopted through notice-and-comment rulemaking, as evidenced by the Notice of Proposed Rulemaking (77 Fed. Reg. 50,057) and Notice of Final Rulemaking (78 Fed. Reg. 68,705), with public comments solicited and addressed. The court de"
2807858,2807858,/opinion/2807858/national-assn-of-broadcasters-v-federal-communications-commission/,National Ass'n of Broadcasters v. Federal Communications Commission,2015-06-12,2015,0.92,yes,yes,Federal Communications Commission,Spectrum Incentive Auction and Repacking Rules (TVStudy/OET-69 Methodology),"47 C.F.R. pts. 73, 74",78 Fed. Reg. 11129,"The D.C. Circuit explicitly applied Chevron step two and upheld the FCC's interpretation that 'the methodology described in OET Bulletin 69' refers to the general analytical procedures rather than fixed software and data inputs, finding the Commission provided a reasonable explanation of how its interpretation served the statute's objectives. The interpretation was adopted through a formal notice-and-comment rulemaking process, including a Notice of Proposed Rulemaking published in October 2012 "
9864076,2807860,/opinion/2807860/council-for-urological-interes-v-sylvia-mathews-burwell/,Council For Urological Interes v. Sylvia Mathews Burwell,2015-06-12,2015,0.82,yes,yes,Department of Health and Human Services,Stark Law 'entity furnishing designated health services' definition (2008 Physician Self-Referral Rule),42 C.F.R. § 411.351,"73 Fed. Reg. 48,434","The court unanimously upheld at Chevron step two the Secretary's 2008 notice-and-comment regulation expanding the definition of 'entity furnishing designated health services' to include entities that perform (not just bill for) designated health services, finding it a permissible and reasonable construction of the ambiguous statute. The court found this definition rationally related to the Stark Law's goals of preventing self-interested referrals and closing a loophole that allowed circumvention"
2827443,2827443,/opinion/2827443/anna-jacques-hospital-v-sylvia-mathews-burwell/,Anna Jacques Hospital v. Sylvia Mathews Burwell,2015-08-14,2015,0.85,yes,yes,"Department of Health and Human Services, Centers for Medicare and Medicaid Services",Medicare Inpatient Prospective Payment System Wage Index Rules for Fiscal Years 2006 and 2007,"42 C.F.R. §§ 412.64, 413.65, 413.66","70 Fed. Reg. 47,278","The D.C. Circuit explicitly applied Chevron step two, finding the Medicare Act ambiguous as to how multi-campus hospitals straddling geographic area boundaries should be treated for wage index calculations. The court upheld the Secretary's decision to use consolidated wage data from Southcoast Hospital Group under its single Medicare provider number for the Boston-Quincy area as a reasonable construction of the statute. The wage indices for fiscal years 2006 and 2007 were promulgated through not"
2829583,2829583,/opinion/2829583/home-care-association-v-david-weil/,Home Care Association v. David Weil,2015-08-21,2015,0.97,yes,yes,Department of Labor,Home Care Third-Party Employer Companionship and Live-In Worker Exemption Rule,29 C.F.R. § 552.109,"78 Fed. Reg. 60,454","The D.C. Circuit explicitly applied Chevron step two, finding that the Department of Labor's revised regulation excluding third-party employers from the FLSA's companionship-services and live-in worker exemptions was a reasonable construction of an ambiguous statute. The Court held that Coke established the statute does not unambiguously answer the third-party-employment question, leaving it to agency discretion, and that the Department's resolution was 'entirely reasonable.' The regulation was "
3171275,3171275,/opinion/3171275/van-hollen-v-federal-election-commission/,Van Hollen v. Federal Election Commission,2016-01-21,2016,0.97,yes,yes,Federal Election Commission (FEC),FEC Electioneering Communications Disclosure Purpose Requirement,11 C.F.R. § 104.20(c)(9),72 Fed. Reg. 72899,"The D.C. Circuit explicitly applied Chevron Step Two and upheld the FEC's rule requiring corporations and labor organizations to disclose only those donations 'made for the purpose of furthering electioneering communications,' finding it a permissible and reasonable construction of BCRA's ambiguous text. The rule was promulgated through notice-and-comment rulemaking, as the opinion describes the FEC publishing an NPRM, receiving twenty-seven comments, holding a two-day hearing, and then issuing "
8679466,8696357,/opinion/8696357/assn-of-private-sector-colleges-universities-v-duncan/,Ass'n of Private Sector Colleges & Universities v. Duncan,2016-03-08,2016,0.92,yes,yes,Department of Education,Gainful Employment Rule (2014),"34 C.F.R. §§ 668.403-668.406, 668.409-668.411","79 Fed. Reg. 64,889","The court explicitly applied both steps of Chevron analysis, finding the phrase 'gainful employment' ambiguous at step one and then upholding the Department of Education's interpretation as reasonable at step two. The 2014 Rule was promulgated through notice-and-comment rulemaking, as indicated by its publication in the Federal Register at 79 Fed. Reg. 64,889 (Oct. 31, 2014) and codification in 34 C.F.R. Part 668. The court affirmed the district court's grant of summary judgment to the Departmen"
8679356,8696248,/opinion/8696248/independent-pilots-assn-v-federal-aviation-administration/,Independent Pilots Ass'n v. Federal Aviation Administration,2016-03-24,2016,0.82,yes,yes,Federal Aviation Administration,Flightcrew Member Duty and Rest Requirements (cargo exclusion),,77 Fed. Reg. 330,"The court applied Chevron and, assuming statutory ambiguity, upheld the FAA's interpretation that cost considerations could justify excluding all-cargo operations from the final rule—a classic Step Two reasonableness analysis. The rule was issued via notice-and-comment rulemaking and published in the Federal Register at 77 Fed. Reg. 330 (Jan. 4, 2012). Confidence is slightly reduced because the court said 'even assuming ambiguity,' suggesting it may not have firmly resolved Step One before movin"
3212871,3212977,/opinion/3212977/united-states-telecom-assn-v-federal-communications-commission/,United States Telecom Ass'n v. Federal Communications Commission,2016-06-14,2016,0.92,yes,yes,Federal Communications Commission,2015 Open Internet Order (Net Neutrality / Broadband Reclassification Rule),"47 C.F.R. pts. 1, 8, 20",80 Fed. Reg. 19738,"The D.C. Circuit applied Chevron step two to uphold the FCC's reclassification of broadband internet access service as a 'telecommunications service' under Title II of the Communications Act, finding the interpretation reasonable given the statutory ambiguity in the term 'offering' identified in Brand X. The court also upheld the five open internet rules (anti-blocking, anti-throttling, anti-paid-prioritization, General Conduct Rule, and enhanced transparency) promulgated in the same order. The "
3212873,3212979,/opinion/3212979/lindeen-v-securities-exchange-commission/,Lindeen v. Securities & Exchange Commission,2016-06-14,2016,0.95,yes,yes,Securities and Exchange Commission,Regulation A-Plus (Amendments for Small and Additional Issues Exemptions),"17 C.F.R. pts. 200, 230, 232, 239, 240, 249, 260","80 Fed. Reg. 21,806","The court explicitly applied Chevron Step Two and upheld the SEC's definition of 'qualified purchaser' as any person to whom Tier-2 Regulation A securities are offered or sold, finding it was not arbitrary, capricious, or manifestly contrary to the statute. The rule was promulgated through notice-and-comment rulemaking, as evidenced by the proposed rule published at 79 Fed. Reg. 3,926 (Jan. 23, 2014) and the final rule at 80 Fed. Reg. 21,806 (Apr. 20, 2015) after extensive public commentary. The"
4029618,4252357,/opinion/4252357/mako-communications-llc-v-federal-communications-commission/,"Mako Communications, LLC v. Federal Communications Commission",2016-08-30,2016,0.85,yes,yes,Federal Communications Commission,Incentive Auction and Repacking Rules (LPTV Displacement),47 C.F.R. § 74.703,29 FCC Red. 6567,"The court explicitly applied Chevron step two and upheld the FCC's interpretation of 47 U.S.C. § 1452(b)(5), finding the Commission's reading—that the repacking process does not 'alter' LPTV stations' spectrum usage rights—was reasonable and served the Spectrum Act's objectives. The interpretation was adopted through a 2014 notice-and-comment rulemaking (the Incentive Auctions Order, 29 FCC Red. 6567) and affirmed in a Second Order on Reconsideration. The case therefore meets both criteria for a"
4150096,4372843,/opinion/4372843/defenders-of-wildlife-v-ryan-zinke/,Defenders of Wildlife v. Ryan Zinke,2017-03-03,2017,0.85,yes,yes,"U.S. Fish and Wildlife Service, Department of the Interior",Gray Wolf Wyoming Delisting Rule,50 C.F.R. § 402.02,"77 Fed. Reg. 55,530","The D.C. Circuit explicitly applied Chevron two-step analysis, finding the term 'regulatory mechanisms' in 16 U.S.C. § 1533(a)(1)(D) ambiguous at Step One, then upholding at Step Two the Service's permissible interpretation that non-legally-binding state management plans can qualify as adequate 'regulatory mechanisms' for delisting purposes. The interpretation was embodied in a notice-and-comment rulemaking published at 77 Fed. Reg. 55,530 (Sept. 10, 2012), which removed the gray wolf in Wyoming"
4184373,4407120,/opinion/4407120/national-assn-of-telecommunications-officers-advisors-v-federal/,National Ass'n of Telecommunications Officers & Advisors v. Federal Communications Commission,2017-07-07,2017,0.97,yes,yes,Federal Communications Commission,Effective Competition Presumption Rule (Cable Rate Regulation),47 C.F.R. pt. 76,80 Fed. Reg. 38001,"The D.C. Circuit explicitly and repeatedly applied Chevron step two, upholding the FCC's Order reversing the rebuttable presumption on effective competition for cable rate regulation. The court found the statute ambiguous on multiple issues (use of presumptions, termination of certifications without petition, and STELAR Act procedures) and held the FCC's interpretations were permissible under Chevron step two. The Order was promulgated through notice-and-comment rulemaking, as reflected in its p"
9877457,4411072,/opinion/4411072/competitive-enterprise-institute-v-united-states-department-of/,Competitive Enterprise Institute v. United States Department of Transportation,2017-07-21,2017,0.95,yes,yes,Department of Transportation,E-Cigarette Ban on Aircraft Rule,14 C.F.R. § 252.3,"81 Fed. Reg. 11,415","The court explicitly applied Chevron step one and found the statute ambiguous (Congress did not speak to whether 'smoking' covers e-cigarettes), then upheld the agency's interpretation at step two as reasonable. The rule was promulgated through notice-and-comment rulemaking, with a notice of proposed rulemaking published at 76 Fed. Reg. 57,008 (2011) and a final rule at 81 Fed. Reg. 11,415 (2016). The court also rejected the petitioners' arbitrariness challenge, confirming affirmance of the agen"
4199651,4422398,/opinion/4422398/otsuka-pharmaceutical-co-lt-v-thomas-price/,"Otsuka Pharmaceutical Co., Lt v. Thomas Price",2017-08-29,2017,0.72,yes,yes,Food and Drug Administration,FDA Same-Active-Moiety Marketing Exclusivity Rule,21 C.F.R. § 314.108,59 Fed. Reg. 50338,"The D.C. Circuit applied Chevron deference and upheld the FDA's interpretation that marketing exclusivity under romanettes iii and iv of the FDCA extends only to drugs sharing the same active moiety as the pioneering drug, finding the interpretation reasonable under Chevron step two. The FDA's same-moiety interpretation was embodied in notice-and-comment regulations at 21 C.F.R. § 314.108, promulgated through the Abbreviated New Drug Application Regulations rulemaking published in the Federal Re"
4207651,4430398,/opinion/4430398/animal-legal-defense-fund-v-sonny-perdue/,Animal Legal Defense Fund v. Sonny Perdue,2017-09-29,2017,0.82,yes,yes,United States Department of Agriculture (APHIS),Animal Welfare Act License Renewal Regulations,9 C.F.R. §§ 2.1-2.3,54 Fed. Reg. 36123,"The D.C. Circuit applied Chevron step two and upheld USDA's regulatory scheme allowing license renewals through self-certification rather than requiring a pre-renewal compliance inspection, finding the statute ambiguous as to renewal requirements and the agency's interpretation not facially unreasonable. The court focused its analysis on the agency's interpretation as embodied in its notice-and-comment regulations (9 C.F.R. §§ 2.1-2.3), which were promulgated through multiple rounds of notice-an"
4245834,4468581,/opinion/4468581/s-coast-air-quality-mgmt-dist-v-envtl-prot-agency/,S. Coast Air Quality Mgmt. Dist. v. Envtl. Prot. Agency,2018-02-16,2018,0.82,yes,yes,Environmental Protection Agency (EPA),Implementation of 2008 Ozone NAAQS SIP Requirements (baseline year and fifteen-percent rule provisions),,"80 Fed. Reg. 12,264","The court applied Chevron step two and upheld the EPA's interpretation in at least two instances: (1) the selection of 2011 as the baseline year for reasonable further progress, finding the statute silent and the EPA's choice reasonable given the three-year inventory cycle, and (2) the fifteen-percent VOC reduction waiver for areas that had previously met that requirement under a prior NAAQS, relying on NRDC 2009's holding that the EPA reasonably resolved a statutory ambiguity at Chevron step tw"
7247380,7329464,/opinion/7329464/doe-v-fed-election-commn/,Doe v. Fed. Election Comm'n,2018-03-23,2018,0.72,yes,yes,Federal Election Commission,FEC Disclosure Policy for Closed Investigations,11 C.F.R. § 111.20,81 Fed. Reg. 50702,"The district court concluded that 52 U.S.C. § 30109(a)(12)(A) is ambiguous as to whether confidentiality obligations apply to closed investigations (following the D.C. Circuit's AFL-CIO ruling that the issue cannot be resolved at Chevron step one), then upheld the FEC's interpretation embodied in 11 C.F.R. § 111.20 as a reasonable construction of the statute at Chevron step two. The FEC's revised disclosure policy was published in the Federal Register at 81 Fed. Reg. 50,702 following notice-and-"
7247457,7329541,/opinion/7329541/air-transp-assn-of-am-inc-v-us-dept-of-agric/,"Air Transp. Ass'n of Am., Inc. v. U.S. Dep't of Agric.",2018-03-28,2018,0.75,yes,yes,"Animal and Plant Health Inspection Service (APHIS), U.S. Department of Agriculture",Agricultural Quarantine Inspection User Fee Rule (2015),7 C.F.R. § 354.3,80 Fed. Reg. 66766,"The court applied Chevron analysis to APHIS's interpretation of 'related inspections' in 21 U.S.C. § 136a(a)(2), finding the statute ambiguous and proceeding to Step Two, where it upheld APHIS's reading that passengers pay only for inspections related to their presence while airlines pay a separate commercial aircraft fee for cargo and exterior inspections. The rule was adopted through notice-and-comment rulemaking finalized on October 29, 2015, with a proposed rule published April 25, 2014 and "
4277317,4500064,/opinion/4500064/united-parcel-serv-inc-v-postal-regulatory-commn/,"United Parcel Serv., Inc. v. Postal Regulatory Comm'n",2018-05-22,2018,0.85,yes,yes,Postal Regulatory Commission,Changes to Attributable Costing (competitive products incremental cost rule),39 C.F.R. § 3015.7(b),"81 Fed. Reg. 88,120","The D.C. Circuit applied Chevron step two and upheld the Commission's interpretation of 'institutional costs' and 'indirect postal costs' under 39 U.S.C. §§ 3631(b) and 3633, finding the Commission's readings permissible and reasonable rather than unambiguously compelled or foreclosed. The interpretation was embodied in final rules adopted through notice-and-comment rulemaking published at 81 Fed. Reg. 88,120 (Dec. 7, 2016) and codified at 39 C.F.R. § 3015.7(b). The court explicitly deferred to "
4282761,4505508,/opinion/4505508/national-environmental-development-associations-clean-air-project-v-epa/,National Environmental Development Association's Clean Air Project v. EPA,2018-06-08,2018,0.88,yes,yes,Environmental Protection Agency (EPA),Amendments to Regional Consistency Regulations,40 C.F.R. §§ 56.3-56.5,"80 Fed. Reg. 50,250","The court explicitly applied Chevron step two, finding that EPA's interpretation of 42 U.S.C. § 7601(a) to allow intercircuit nonacquiescence was 'permissible and eminently reasonable,' and denied the petitions for review. The Amended Regulations were promulgated through notice-and-comment rulemaking, as evidenced by the August 2015 proposed rule with public comment period published at 80 Fed. Reg. 50,250, resulting in the final rule codified at 40 C.F.R. §§ 56.3-56.5. The court deferred to EPA'"
4296290,4519037,/opinion/4519037/natural-res-def-council-v-envtl-prot-agency/,Natural Res. Def. Council v. Envtl. Prot. Agency,2018-07-20,2018,0.97,yes,yes,Environmental Protection Agency (EPA),Treatment of Data Influenced by Exceptional Events (2016 Rule) - definition of 'natural event',40 C.F.R. § 50.1(k),"81 Fed. Reg. 68,216","The D.C. Circuit explicitly applied Chevron step two analysis, finding the statutory term 'natural event' ambiguous and upholding EPA's definition as a reasonable gap-filling interpretation. The 2016 Rule was promulgated through notice-and-comment rulemaking, as evidenced by the proposed rule published at 80 Fed. Reg. 72,840 and the final rule at 81 Fed. Reg. 68,216. The court denied the petition for review, affirming that EPA's definition of 'natural event' — which disregards contributions from"
4296969,4519716,/opinion/4519716/sorenson-commcns-llc-v-fed-commcns-commn/,"Sorenson Commc'ns, LLC v. Fed. Commc'ns Comm'n",2018-07-24,2018,0.82,yes,yes,Federal Communications Commission (FCC),Video Relay Service Tiered Compensation Rate Structure (2017 Order),47 C.F.R. § 64.604,32 FCC Rcd. 5891,"The court explicitly applied Chevron step two, asking whether the FCC's interpretation of the efficiency mandate in 47 U.S.C. § 225 was reasonable, and concluded that it was, upholding the FCC's tiered-rate structure for VRS compensation. The 2017 Order was issued following a notice-and-comment rulemaking process, as evidenced by the 2017 Further Notice of Proposed Rulemaking (32 FCC Rcd. 2436) that preceded it and the solicitation of proposals from providers. The court deferred to the FCC's rea"
7251791,7333871,/opinion/7333871/guedes-v-bureau-of-alcohol-tobacco-firearms-explosives/,"Guedes v. Bureau of Alcohol, Tobacco, Firearms, & Explosives",2019-02-25,2019,0.92,yes,yes,"Bureau of Alcohol, Tobacco, Firearms, and Explosives (ATF)",ATF Bump-Stock-Type Devices Rule,"27 C.F.R. pts. 447, 478, 479",83 Fed. Reg. 66514,"The court explicitly applied the Chevron framework, finding the terms 'single function of the trigger' and 'automatically' in the NFA's definition of 'machinegun' to be ambiguous at Step One, then upholding ATF's interpretations as reasonable under Step Two. The rule was promulgated through notice-and-comment rulemaking, with a proposed rule published on March 29, 2018 offering 90 days for public comment, and a final rule published December 26, 2018. The court upheld ATF's interpretation that bu"
4391220,4613967,/opinion/4613967/environmental-defense-fund-v-envtl-prot-agency/,Environmental Defense Fund v. Envtl. Prot. Agency,2019-04-26,2019,0.72,yes,yes,Environmental Protection Agency,TSCA Inventory Notification (Active-Inactive) Requirements Rule,40 C.F.R. §§ 710.23-710.39,"82 Fed. Reg. 37,520","The court explicitly cited Chevron and upheld the EPA's interpretations on two issues: (1) allowing any manufacturer or processor (not just the original claimant) to maintain an existing confidentiality claim, and (2) excluding export-only chemicals from the retrospective reporting requirements as a 'nonexempt commercial purpose.' Both rulings involved ambiguous statutory language where the court deferred to the EPA's reasonable construction. The rule was promulgated through notice-and-comment r"
4413199,4635946,/opinion/4635946/california-communities-against-toxics-v-envtl-prot-agency/,California Communities Against Toxics v. Envtl. Prot. Agency,2019-07-02,2019,0.92,yes,yes,Environmental Protection Agency,RCRA Definition of Solid Waste Transfer-Based Exclusion,"40 C.F.R. §§ 261.2, 261.4(a)(24)-(25)","73 Fed. Reg. 64,668","The court explicitly applied the two-step Chevron framework, found the term 'discarded material' ambiguous with respect to hazardous secondary materials paid to reclaimers, and then upheld EPA's interpretation at step two as a permissible construction of RCRA. The rule at issue—the Transfer-Based Exclusion in the 2008 Definition of Solid Waste Rule—was promulgated through notice-and-comment rulemaking, as reflected in the 73 Fed. Reg. 64,668 citation and the court's repeated references to EPA's "
4425037,4647784,/opinion/4647784/childrens-hospital-assn-v-alex-azar/,Children's Hospital Ass'n v. Alex Azar,2019-08-13,2019,0.92,yes,yes,Department of Health and Human Services / Centers for Medicare & Medicaid Services,Medicaid DSH Payments – Treatment of Third Party Payers in Calculating Uncompensated Care Costs (2017 Rule),42 C.F.R. § 447.299(c)(10),"82 Fed. Reg. 16,114","The court applied the Chevron framework and, finding an express statutory delegation ('as determined by the Secretary'), skipped directly to asking whether the agency's interpretation was reasonable—effectively a Step Two reasonableness inquiry—and upheld the 2017 Rule as a permissible and reasonable exercise of the Secretary's delegated authority. The 2017 Rule was promulgated through notice-and-comment rulemaking, as confirmed by the court's reference to CMS issuing a notice of proposed rulema"
4426938,4649685,/opinion/4649685/american-bankers-association-v-national-credit-union-administration/,American Bankers Association v. National Credit Union Administration,2019-08-20,2019,0.93,yes,yes,National Credit Union Administration (NCUA),NCUA Chartering and Field of Membership Rule (2016) – Community Credit Union Membership Area Definitions,"12 C.F.R. pt. 701, app. B","81 Fed. Reg. 88,412","The D.C. Circuit applied Chevron step two to uphold the NCUA's 2016 rule defining 'local community' and 'rural district' under the Federal Credit Union Act, finding the agency's interpretations permissible because Congress expressly delegated definitional authority to the NCUA. The court sustained the Combined Statistical Area definition of 'local community' and the increased rural district population cap as reasonable constructions of the statute, reversing the district court's vacatur of those"
4432669,4655416,/opinion/4655416/american-bankers-association-v-national-credit-union-administration/,American Bankers Association v. National Credit Union Administration,2019-08-20,2019,0.92,yes,yes,National Credit Union Administration (NCUA),NCUA Community Credit Union Field of Membership Rule (2016),"12 C.F.R. pt. 701, app. B","81 Fed. Reg. 88,412","The D.C. Circuit explicitly applied Chevron step two to uphold the NCUA's 2016 rule defining 'local community' and 'rural district' under the Federal Credit Union Act, finding the agency's interpretations permissible constructions of the statute after concluding Congress expressly delegated definitional authority to the NCUA. The court sustained the Combined Statistical Area definition and the increased rural district population cap as reasonable, non-arbitrary exercises of that delegated author"
4443143,4665890,/opinion/4665890/mozilla-corporation-v-fcc/,Mozilla Corporation v. FCC,2019-10-01,2019,0.92,yes,yes,Federal Communications Commission,Restoring Internet Freedom Order – broadband Internet access as information service,47 C.F.R. pt. 8,83 Fed. Reg. 7852,"The D.C. Circuit explicitly applied Chevron Step Two, holding that classifying broadband Internet access service as an 'information service' based on DNS and caching functionalities is 'a reasonable policy choice for the Commission to make at Chevron's second step.' The 2018 Order was issued following a notice of proposed rulemaking published in 2017 (32 FCC Rcd. 4434), making it a notice-and-comment rulemaking. The court upheld the FCC's interpretation while vacating only the preemption directi"
4444319,4667066,/opinion/4667066/mozilla-corporation-v-fcc/,Mozilla Corporation v. FCC,2019-10-01,2019,0.85,yes,yes,Federal Communications Commission,Restoring Internet Freedom Order — broadband information service classification,47 C.F.R. pt. 8,83 Fed. Reg. 7852,"The D.C. Circuit explicitly applied Chevron step two and upheld the FCC's classification of broadband Internet access service as an 'information service' under Title I, finding it 'a reasonable policy choice' at Chevron's second step. The 2018 Order was promulgated through notice-and-comment rulemaking, as the Commission issued a notice of proposed rulemaking in 2017 before releasing the final order. The court also upheld the related classification of mobile broadband as a 'private mobile servic"
4506404,4726077,/opinion/4726077/baystate-franklin-medical-center-v-alex-azar-ii/,"Baystate Franklin Medical Center v. Alex Azar, II",2020-02-11,2020,0.85,yes,yes,"Department of Health and Human Services, Centers for Medicare and Medicaid Services",FY2017 Hospital Inpatient Prospective Payment System Wage Index Final Rule,42 C.F.R. § 413.20,"81 Fed. Reg. 56,762","The court explicitly applied Chevron step two, finding that the Medicare statute does not unambiguously address whether the Secretary must accept untimely wage data corrections, and upheld the Secretary's interpretation that he could enforce the deadline and reject Nantucket's late-submitted data as a permissible construction of the statute. The rule was promulgated through notice-and-comment rulemaking, as evidenced by the proposed rule published at 81 Fed. Reg. 24,946 and the final rule publis"
4549136,4768789,/opinion/4768789/association-for-community-v-trea/,Association for Community v. TREA,2020-07-17,2020,0.95,yes,yes,"Departments of Treasury, Labor, and Health and Human Services",2018 Short-Term Limited Duration Insurance Rule,,"83 Fed. Reg. 38,212","The court explicitly applied Chevron, finding 'short-term limited duration insurance' ambiguous and then upholding the Departments' definition (initial contract term of less than one year, maximum duration of three years with renewals) as a permissible construction of HIPAA and the ACA—satisfying Chevron step two. The 2018 rule was promulgated through notice-and-comment rulemaking, as the opinion describes a proposal published at 83 Fed. Reg. 7,437 followed by a comment period and a final rule a"
4549137,4768790,/opinion/4768790/american-hospital-association-v-alex-azar-ii/,"American Hospital Association v. Alex Azar, II",2020-07-17,2020,0.92,yes,yes,Department of Health and Human Services,2019 OPPS Rule: E&M Reimbursement Rate Reduction for Off-Campus Provider-Based Departments,42 C.F.R. § 413.65,"83 Fed. Reg. 58,818","The D.C. Circuit explicitly applied the Chevron two-step framework and upheld HHS's interpretation of 42 U.S.C. § 1395l(t)(2)(F) as ambiguous, concluding at step two that the agency's service-specific, non-budget-neutral reimbursement reduction for evaluation and management services at off-campus provider-based departments was a reasonable interpretation of its authority to 'develop a method for controlling unnecessary increases in the volume of covered outpatient services.' The challenged rule "
4549822,4769475,/opinion/4769475/association-for-community-v-trea/,Association for Community v. TREA,2020-07-17,2020,0.95,yes,yes,"Departments of Treasury, Labor, and Health and Human Services",2018 Short-Term Limited Duration Insurance Rule,,"83 Fed. Reg. 38,212","The court explicitly applied Chevron, finding 'short-term limited duration insurance' ambiguous and upholding the Departments' definition (initial contract term less than one year, maximum duration three years including renewals) as a permissible construction of HIPAA and the ACA. The 2018 STLDI Rule was issued following a notice-and-comment rulemaking period, as evidenced by the proposed rule at 83 Fed. Reg. 7,437 (Feb. 21, 2018) and the final rule at 83 Fed. Reg. 38,212 (Aug. 3, 2018). The cou"
4552519,4772172,/opinion/4772172/american-hospital-association-v-alex-azar-ii/,"American Hospital Association v. Alex Azar, II",2020-07-31,2020,0.92,yes,yes,Department of Health and Human Services,2018 OPPS 340B Hospital SCOD Reimbursement Rate Reduction,,82 Fed. Reg. 52356,"The D.C. Circuit applied Chevron deference and upheld HHS's interpretation of subclause (II) of 42 U.S.C. § 1395l(t)(14)(A)(iii)(II), finding that HHS reasonably construed its authority to 'adjust' SCOD payment rates 'as necessary for purposes of this paragraph' to include reducing reimbursements to 340B hospitals to align payments with actual acquisition costs. The court explicitly stated the agency's interpretation was 'not directly foreclosed and is reasonable,' which is a Chevron step two an"
4655865,4852086,/opinion/4852086/sierra-club-v-epa/,Sierra Club v. EPA,2021-01-29,2021,0.82,yes,yes,Environmental Protection Agency,2018 Ozone NAAQS Implementation Rule - Alternative Baseline Years Provision,,"83 Fed. Reg. 62,998","The court applied Chevron step two to the alternative baseline years provision of EPA's 2018 Implementation Rule, finding that Congress had not spoken directly to the precise question of baseline years for future NAAQS, and that EPA's interpretation allowing states to choose between two statutory grounded baseline years was reasonable. The 2018 Implementation Rule was promulgated through notice-and-comment rulemaking as published at 83 Fed. Reg. 62,998. The court denied the petition for review w"
4678830,4875051,/opinion/4875051/joseph-fisher-v-pbgc/,Joseph Fisher v. PBGC,2021-04-20,2021,0.88,yes,yes,Pension Benefit Guaranty Corporation (PBGC),PBGC Asset Allocation Rule – Prohibition on Anticipatory Lump-Sum Distributions,29 C.F.R. § 4044.4(b),46 Fed. Reg. 9480,"The D.C. Circuit explicitly applied the Chevron two-step framework, found ERISA ambiguous at step one regarding pre-NOIT lump-sum distributions, and then at step two upheld 29 C.F.R. § 4044.4(b) as a permissible construction of ERISA because it promotes the statute's purpose of preventing abuse during anticipated plan terminations. The regulation at issue was promulgated through notice-and-comment rulemaking, as evidenced by its codification in the C.F.R. and publication in the Federal Register "
4692961,4889182,/opinion/4889182/telesat-canada-v-fcc/,Telesat Canada v. FCC,2021-06-04,2021,0.72,yes,yes,Federal Communications Commission,FCC Regulatory Fees for Non-U.S. Licensed Space Stations with U.S. Market Access,47 C.F.R. § 25.137,35 FCC Rcd. 4976,"The court upheld the FCC's interpretation of Section 9 of the Communications Act, finding that the Commission reasonably concluded it could charge foreign-licensed satellite operators with U.S. market access the same regulatory fees as U.S.-licensed competitors. The court invoked Chevron, acknowledging the statute was 'ambiguous' regarding which beneficiaries could be charged fees, and found the Commission's reading was not unreasonable. The agency action was a Report and Order (rulemaking) that"
4698685,4894906,/opinion/4894906/overdevest-nurseries-lp-v-martin-walsh/,"Overdevest Nurseries, L.P. v. Martin Walsh",2021-06-25,2021,0.97,yes,yes,Department of Labor,H-2A Corresponding Employment Definition (2010 Rule),20 C.F.R. § 655.103(b),"75 Fed. Reg. 6,884","The D.C. Circuit explicitly applied Chevron Step Two, finding the Department of Labor's 2010 definition of 'corresponding employment' in 20 C.F.R. § 655.103(b) to be a reasonable interpretation of the ambiguous statutory term 'similarly employed' in 8 U.S.C. § 1188(a)(1)(B). The court upheld the agency's interpretation, concluding it reasonably advanced the statute's purpose of protecting U.S. workers from adverse wage effects. The 2010 rule was promulgated through notice-and-comment rulemaking,"
4704854,4901075,/opinion/4901075/cigar-association-of-america-v-fda/,Cigar Association of America v. FDA,2021-07-20,2021,0.82,yes,yes,Food and Drug Administration (FDA),Deeming Rule – classification of pipe as 'component or part' of tobacco product,"21 C.F.R. §§ 1100, 1140, 1143","81 Fed. Reg. 28,974","The court explicitly applied Chevron step two to uphold FDA's classification of a pipe as a 'component or part' of a tobacco product under the Deeming Rule, finding the agency offered a reasoned explanation for its permissible interpretation of the ambiguous statutory term. The Deeming Rule was promulgated through notice-and-comment rulemaking and published in the Federal Register. The court also addressed the User Fees Rule at Chevron step one (finding no ambiguity) and alternatively at step tw"
5125480,5296918,/opinion/5296918/national-postal-policy-council-v-prc/,National Postal Policy Council v. PRC,2021-11-12,2021,0.85,yes,yes,Postal Regulatory Commission,Market-Dominant Postal Ratemaking System (Ten-Year Review Final Rules),,"85 Fed. Reg. 81,124","The D.C. Circuit applied Chevron's two-step framework, found § 3622(d)(3) ambiguous as to whether the Commission could adopt an alternative ratemaking system that exceeds the CPI price cap, and upheld the Commission's interpretation as a permissible construction of the statute at step two. The Commission adopted Order 5763 through notice-and-comment rulemaking, as confirmed by the opinion's references to public comment periods and the rule's publication in the Federal Register at 85 Fed. Reg. 81"
6332155,6460044,/opinion/6460044/st-helena-clear-lake-hospital-v-xavier-becerra/,St. Helena Clear Lake Hospital v. Xavier Becerra,2022-04-08,2022,0.72,yes,yes,Department of Health and Human Services (Centers for Medicare & Medicaid Services),Critical Access Hospital On-Call Cost Reimbursement Rule,42 C.F.R. § 413.70(b)(4),"66 Fed. Reg. 39,828","The court upheld the Secretary's interpretation of 42 C.F.R. § 413.70(b)(4), which limits Medicare reimbursement for on-call costs at critical access hospitals to emergency room physicians, finding that interpretation at least reasonable and warranting deference under Chevron and Auer. The regulation was issued through notice-and-comment rulemaking, as evidenced by its publication in the Federal Register at 66 Fed. Reg. 39,828. The court's analysis focused on whether the agency's reading was rea"
7800217,7856351,/opinion/7856351/loper-bright-enterprises-inc-v-gina-raimondo/,"Loper Bright Enterprises, Inc v. Gina Raimondo",2022-08-12,2022,0.95,yes,yes,National Marine Fisheries Service,Industry-Funded At-Sea Monitoring Rule (New England Fisheries Omnibus Amendment),50 C.F.R. pt. 648,85 Fed. Reg. 7414,"The D.C. Circuit explicitly applied the Chevron two-step framework, found the Magnuson-Stevens Act ambiguous at Step One as to whether the agency could require industry to fund at-sea monitoring, and then upheld the agency's interpretation at Step Two as a reasonable resolution of that ambiguity. The interpretation was embodied in a Final Rule promulgated through notice-and-comment rulemaking, with a Notice of Proposed Rulemaking published at 83 Fed. Reg. 55,665 and a Final Rule published at 85 "
9397800,9402324,/opinion/9402324/michael-lissack-v-cmsnr-irs/,Michael Lissack v. Cmsnr. IRS,2023-05-26,2023,0.95,yes,yes,Internal Revenue Service / Treasury Department,IRS Whistleblower Definitions Rule,26 C.F.R. § 301.7623-2,"79 Fed. Reg. 47,246","The D.C. Circuit explicitly applied Chevron step two, holding that the Whistleblower Definitions Rule's definitions of 'administrative action,' 'proceeds based on,' and 'related action' are reasonable interpretations of ambiguous statutory text in I.R.C. § 7623(b)(1). The court found the statute did not unambiguously resolve whether entire examinations must be treated as single administrative actions or whether but-for causation alone entitles a whistleblower to an award, then deferred to the ag"
9769745,9423050,/opinion/9423050/ascendium-education-solutions-inc-v-miguel-cardona/,"Ascendium Education Solutions, Inc. v. Miguel Cardona",2023-08-29,2023,0.92,yes,yes,Department of Education,FFELP Collection Costs Prohibition Rule (initial default period),34 C.F.R. § 682.410(b)(2)(i),"84 Fed. Reg. 49,788","The court explicitly invoked Chevron, finding that the Act's use of 'reasonable collection costs' is ambiguous and that Congress delegated gap-filling authority to the Department under 20 U.S.C. § 1082(a)(1). The court then upheld the Department's interpretation at step two, concluding the Rule—which prohibits guarantors from charging collection costs to borrowers who enter repayment or rehabilitation agreements within 60 days of default—is a permissible and reasonable construction of 'reasonabl"
